{
  "version": "7",
  "dialect": "mysql",
  "entries": [
    {
      "idx": 0,
      "version": "5",
      "when": 1766935118265,
      "tag": "0000_burly_katie_power",
      "breakpoints": true
    },
    {
      "idx": 1,
      "version": "5",
      "when": 1766935657729,
      "tag": "0001_rich_jack_flag",
      "breakpoints": true
    },
    {
      "idx": 2,
      "version": "5",
      "when": 1766935706937,
      "tag": "0002_deep_junta",
      "breakpoints": true
    },
    {
      "idx": 3,
      "version": "5",
      "when": 1766940512628,
      "tag": "0003_flippant_zaran",
      "breakpoints": true
    },
    {
      "idx": 4,
      "version": "5",
      "when": 1766994272395,
      "tag": "0004_natural_prowler",
      "breakpoints": true
    }
  ]
}